anomaly_count,category_code,confirmed_count,failure_count,measurement_count,measurement_start_day,ok_count
50,ANON,0,0,73,2022-01-21,23
30,ANON,0,0,41,2022-01-22,11
20,ANON,0,0,31,2022-01-23,11
16,ANON,0,0,20,2022-01-24,4
34,ANON,0,0,52,2022-01-25,18
8,ANON,0,0,21,2022-01-26,13
73,ANON,0,8,114,2022-01-27,33
41,ANON,0,1,80,2022-01-28,38
1,ANON,0,0,1,2022-01-29,0
39,ANON,0,0,50,2022-01-30,11
5,ANON,0,0,5,2022-01-31,0
17,ANON,0,1,30,2022-02-02,12
2,ANON,0,0,4,2022-02-03,2
6,ANON,0,1,27,2022-02-04,20
34,ANON,0,1,66,2022-02-05,31
1,ANON,0,0,1,2022-02-06,0
34,ANON,0,0,45,2022-02-07,11
22,ANON,0,0,29,2022-02-09,7
26,ANON,0,0,42,2022-02-10,16
32,ANON,0,1,59,2022-02-11,26
7,ANON,0,1,27,2022-02-12,19
35,ANON,0,1,67,2022-02-13,31
21,ANON,0,0,26,2022-02-15,5
13,ANON,0,0,19,2022-02-16,6
16,ANON,0,0,34,2022-02-18,18
30,ANON,0,0,96,2022-02-19,66
1,ANON,0,0,3,2022-02-20,2
6,ANON,0,0,25,2022-02-21,19
19,ANON,0,0,64,2022-02-22,45
2,ANON,0,0,4,2022-02-23,2
2,ANON,0,0,6,2022-02-25,4
5,ANON,0,0,10,2022-02-27,5
10,ANON,0,0,22,2022-02-28,12
43,ANON,0,0,141,2022-03-02,98
3,ANON,0,0,6,2022-03-03,3
0,ANON,0,0,5,2022-03-04,5
20,ANON,0,0,58,2022-03-05,38
12,ANON,0,0,42,2022-03-06,30
1,ANON,0,0,1,2022-03-07,0
7,ANON,0,0,13,2022-03-08,6
25,ANON,0,0,89,2022-03-10,64
0,ANON,0,0,3,2022-03-12,3
6,ANON,0,1,18,2022-03-14,11
21,ANON,0,0,64,2022-03-15,43
22,ANON,0,0,73,2022-03-18,51
9,ANON,0,0,34,2022-03-21,25
2,ANON,0,0,5,2022-03-23,3
16,ANON,0,0,48,2022-03-26,32
23,ANON,0,0,92,2022-03-27,69
8,ANON,0,0,11,2022-03-28,3
0,ANON,0,0,1,2022-03-29,1
9,ANON,0,0,33,2022-03-31,24
5,ANON,0,0,112,2022-07-08,107
2,ANON,0,2,100,2022-07-09,96
18,ANON,0,3,253,2022-08-09,232
6,ANON,0,1,79,2022-08-10,72
1,ANON,0,1,114,2022-08-11,112
10,ANON,0,1,57,2022-08-12,46
49,ANON,0,2,484,2022-08-13,433
2,ANON,0,1,27,2022-09-12,24
2,ANON,0,1,24,2022-09-16,21
4,ANON,0,3,51,2022-09-18,44
1,ANON,0,0,53,2022-09-19,52
0,ANON,0,0,7,2022-09-20,7
2,ANON,0,3,39,2022-09-25,34
1,ANON,0,5,37,2022-09-26,31
5,ANON,0,3,52,2022-09-27,44
0,ANON,0,0,44,2022-09-28,44
5,ANON,0,9,149,2022-09-29,135
1,ANON,0,3,52,2022-09-30,48
1,ANON,0,0,79,2022-10-01,78
0,ANON,0,0,4,2022-10-02,4
4,ANON,0,6,72,2022-10-03,62
1,ANON,0,0,31,2022-10-04,30
0,ANON,0,0,36,2022-10-05,36
4,ANON,0,1,10,2022-10-07,5
3,ANON,0,4,86,2022-10-08,79
1,ANON,0,1,10,2022-10-09,8
15,ANON,0,38,407,2022-10-10,354
11,ANON,0,5,234,2022-10-11,218
0,ANON,0,0,15,2022-10-12,15
0,ANON,0,0,2,2022-10-14,2
0,ANON,0,0,49,2022-10-17,49
1,ANON,0,5,157,2022-10-18,151
0,ANON,0,0,84,2022-10-24,84
4,ANON,0,4,305,2022-10-25,297
1,ANON,0,2,112,2022-10-26,109
2,ANON,0,0,18,2022-10-27,16
12,ANON,0,1,236,2022-10-28,223
3,ANON,0,23,282,2022-10-29,256
0,ANON,0,0,10,2022-10-30,10
0,ANON,0,4,37,2022-10-31,33
1,ANON,0,17,197,2022-11-02,179
2,ANON,0,13,151,2022-11-05,136
2,ANON,0,4,161,2022-11-07,155
0,ANON,0,0,103,2022-11-09,103
0,ANON,0,0,49,2022-11-10,49
1,ANON,0,5,48,2022-11-13,42
0,ANON,0,2,76,2022-11-17,74
0,ANON,0,0,54,2022-11-18,54
1,ANON,0,5,78,2022-11-22,72
0,ANON,0,2,21,2022-11-23,19
1,ANON,0,4,84,2022-11-26,79
0,ANON,0,6,232,2022-11-27,226
0,ANON,0,5,181,2022-11-28,176
1,ANON,0,0,31,2022-11-29,30
1,ANON,0,1,112,2022-11-30,110
0,ANON,0,0,16,2022-12-01,16
0,ANON,0,0,10,2022-12-02,10
0,ANON,0,1,12,2022-12-03,11
4,ANON,0,8,146,2022-12-04,134
2,ANON,0,4,84,2022-12-06,78
4,ANON,0,3,52,2022-12-18,45
0,ANON,0,0,35,2022-12-19,35
2,ANON,0,0,31,2022-12-20,29
1,COMM,0,1,20,2022-01-22,18
4,COMM,0,0,20,2022-01-26,16
0,COMM,0,0,20,2022-01-30,20
0,COMM,0,0,11,2022-02-03,11
0,COMM,0,0,9,2022-02-07,9
0,COMM,0,0,1,2022-02-09,1
1,COMM,0,0,21,2022-02-11,20
0,COMM,0,0,11,2022-02-12,11
0,COMM,0,0,9,2022-02-16,9
0,COMM,0,0,22,2022-02-19,22
1,COMM,0,0,5,2022-02-25,4
0,COMM,0,0,16,2022-02-27,16
0,COMM,0,0,5,2022-03-05,5
0,COMM,0,0,2,2022-03-06,2
0,COMM,0,0,17,2022-03-07,17
0,COMM,0,0,4,2022-03-14,4
0,COMM,0,0,17,2022-03-15,17
2,COMM,0,1,19,2022-03-25,16
0,COMM,0,1,2,2022-03-27,1
0,COMM,0,0,15,2022-07-08,15
0,COMM,0,0,8,2022-07-09,8
0,COMM,0,0,30,2022-08-10,30
0,COMM,0,3,44,2022-09-28,41
0,COMM,0,0,7,2022-09-29,7
0,COMM,0,0,29,2022-10-18,29
0,COMM,0,0,39,2022-10-31,39
0,COMM,0,0,42,2022-11-01,42
0,COMM,0,0,21,2022-11-02,21
0,COMM,0,0,7,2022-11-05,7
0,COMM,0,0,51,2022-11-13,51
1,COMM,0,0,58,2022-11-25,57
0,COMM,0,0,11,2022-11-26,11
0,COMT,0,0,1,2022-01-12,1
2,COMT,0,0,89,2022-01-21,87
0,COMT,0,0,14,2022-01-22,14
2,COMT,0,3,77,2022-01-23,72
0,COMT,0,0,17,2022-01-24,17
25,COMT,0,3,102,2022-01-26,74
3,COMT,0,3,32,2022-01-27,26
2,COMT,0,0,108,2022-01-28,106
0,COMT,0,0,1,2022-01-29,1
0,COMT,0,0,7,2022-01-30,7
0,COMT,0,0,35,2022-01-31,35
2,COMT,0,0,52,2022-02-02,50
0,COMT,0,0,6,2022-02-03,6
1,COMT,0,0,14,2022-02-04,13
3,COMT,0,0,62,2022-02-05,59
0,COMT,0,0,41,2022-02-06,41
0,COMT,0,0,49,2022-02-09,49
2,COMT,0,0,52,2022-02-10,50
0,COMT,0,0,6,2022-02-11,6
2,COMT,0,0,116,2022-02-12,114
2,COMT,0,0,66,2022-02-13,64
0,COMT,0,0,2,2022-02-15,2
0,COMT,0,0,34,2022-02-16,34
0,COMT,0,0,13,2022-02-18,13
1,COMT,0,0,41,2022-02-19,40
1,COMT,0,1,68,2022-02-20,66
3,COMT,0,0,51,2022-02-21,48
0,COMT,0,0,15,2022-02-22,15
0,COMT,0,0,2,2022-02-23,2
2,COMT,0,0,33,2022-02-25,31
0,COMT,0,0,7,2022-02-27,7
0,COMT,0,0,10,2022-02-28,10
2,COMT,0,0,66,2022-03-02,64
7,COMT,0,0,95,2022-03-03,88
0,COMT,0,0,7,2022-03-04,7
0,COMT,0,0,40,2022-03-05,40
0,COMT,0,0,1,2022-03-07,1
0,COMT,0,0,16,2022-03-08,16
2,COMT,0,0,65,2022-03-10,63
4,COMT,0,0,68,2022-03-12,64
0,COMT,0,0,17,2022-03-14,17
0,COMT,0,0,1,2022-03-15,1
0,COMT,0,0,28,2022-03-18,28
5,COMT,0,0,99,2022-03-21,94
1,COMT,0,0,14,2022-03-23,13
0,COMT,0,0,6,2022-03-26,6
0,COMT,0,0,19,2022-03-27,19
2,COMT,0,1,73,2022-03-28,70
0,COMT,0,0,24,2022-03-29,24
0,COMT,0,0,1,2022-03-31,1
2,COMT,0,0,19,2022-04-12,17
0,COMT,0,0,2,2022-07-07,2
4,COMT,0,2,118,2022-07-08,112
1,COMT,0,0,94,2022-07-09,93
2,COMT,0,0,5,2022-07-11,3
0,COMT,0,0,3,2022-07-16,3
1,COMT,0,0,4,2022-07-17,3
0,COMT,0,0,3,2022-07-22,3
0,COMT,0,0,1,2022-07-27,1
0,COMT,0,0,5,2022-07-28,5
1,COMT,0,7,147,2022-08-09,139
5,COMT,0,2,202,2022-08-10,195
8,COMT,0,6,267,2022-08-11,253
2,COMT,0,4,72,2022-08-12,66
3,COMT,0,7,21,2022-08-13,11
1,COMT,0,1,10,2022-09-12,8
0,COMT,0,0,6,2022-09-14,6
0,COMT,0,0,1,2022-09-19,1
7,COMT,0,2,119,2022-09-20,110
0,COMT,0,0,3,2022-09-22,3
4,COMT,0,3,56,2022-09-24,49
0,COMT,0,0,8,2022-09-25,8
10,COMT,0,0,18,2022-09-26,8
1,COMT,0,0,6,2022-09-27,5
13,COMT,0,0,128,2022-09-29,115
5,COMT,0,1,157,2022-09-30,151
0,COMT,0,0,1,2022-10-01,1
3,COMT,0,0,23,2022-10-02,20
0,COMT,0,0,6,2022-10-03,6
1,COMT,0,0,14,2022-10-05,13
1,COMT,0,0,6,2022-10-07,5
0,COMT,0,0,14,2022-10-08,14
0,COMT,0,0,6,2022-10-09,6
0,COMT,0,0,20,2022-10-11,20
0,COMT,0,2,115,2022-10-12,113
0,COMT,0,2,60,2022-10-13,58
0,COMT,0,7,42,2022-10-17,35
0,COMT,0,4,24,2022-10-18,20
0,COMT,0,8,573,2022-10-26,565
0,COMT,0,1,85,2022-10-27,84
0,COMT,0,1,6,2022-10-30,5
0,COMT,0,2,8,2022-10-31,6
0,COMT,0,3,16,2022-11-01,13
0,COMT,0,3,14,2022-11-02,11
0,COMT,0,1,6,2022-11-07,5
0,COMT,0,0,36,2022-11-09,36
0,COMT,0,4,229,2022-11-10,225
1,COMT,0,1,15,2022-11-13,13
0,COMT,0,0,2,2022-11-17,2
0,COMT,0,0,89,2022-11-18,89
0,COMT,0,1,4,2022-11-22,3
10,COMT,0,7,221,2022-11-23,204
3,COMT,0,10,230,2022-11-24,217
0,COMT,0,4,37,2022-11-25,33
0,COMT,0,2,12,2022-11-26,10
0,COMT,0,0,2,2022-11-27,2
1,COMT,0,0,43,2022-12-03,42
1,COMT,0,3,41,2022-12-04,37
2,COMT,0,0,6,2022-12-05,4
1,COMT,0,0,6,2022-12-18,5
4,COMT,0,1,118,2022-12-20,113
1,CTRL,0,0,19,2022-01-26,18
1,CTRL,0,0,17,2022-01-27,16
2,CTRL,0,0,15,2022-02-03,13
2,CTRL,0,0,3,2022-02-04,1
0,CTRL,0,0,22,2022-02-11,22
0,CTRL,0,0,14,2022-02-12,14
0,CTRL,0,0,22,2022-02-19,22
0,CTRL,0,0,18,2022-02-27,18
0,CTRL,0,0,1,2022-03-06,1
0,CTRL,0,0,17,2022-03-07,17
0,CTRL,0,0,1,2022-03-14,1
0,CTRL,0,0,17,2022-03-15,17
0,CTRL,0,0,14,2022-03-25,14
0,CTRL,0,1,4,2022-03-27,3
0,CTRL,0,0,16,2022-07-08,16
0,CTRL,0,0,2,2022-07-09,2
0,CTRL,0,0,73,2022-08-10,73
0,CTRL,0,0,3,2022-08-11,3
0,CTRL,0,0,34,2022-09-28,34
0,CTRL,0,0,7,2022-09-29,7
0,CTRL,0,0,22,2022-10-18,22
0,CTRL,0,0,43,2022-10-31,43
0,CTRL,0,0,33,2022-11-01,33
0,CTRL,0,0,24,2022-11-02,24
0,CTRL,0,0,9,2022-11-05,9
0,CTRL,0,0,51,2022-11-13,51
0,CTRL,0,0,86,2022-11-25,86
0,CTRL,0,0,12,2022-11-26,12
0,CULTR,0,0,59,2022-01-21,59
4,CULTR,0,0,64,2022-01-22,60
4,CULTR,0,0,124,2022-01-24,120
0,CULTR,0,0,2,2022-01-26,2
2,CULTR,0,0,3,2022-01-27,1
6,CULTR,0,0,125,2022-01-28,119
15,CULTR,0,0,96,2022-02-01,81
3,CULTR,0,0,28,2022-02-02,25
0,CULTR,0,0,2,2022-02-04,2
4,CULTR,0,0,124,2022-02-06,120
1,CULTR,0,0,97,2022-02-09,96
3,CULTR,0,0,28,2022-02-10,25
0,CULTR,0,0,3,2022-02-12,3
6,CULTR,0,0,124,2022-02-15,118
0,CULTR,0,0,8,2022-02-17,8
2,CULTR,0,0,116,2022-02-18,114
0,CULTR,0,0,3,2022-02-20,3
0,CULTR,0,0,9,2022-02-23,9
0,CULTR,0,0,89,2022-02-25,89
2,CULTR,0,0,33,2022-02-27,31
0,CULTR,0,0,2,2022-02-28,2
0,CULTR,0,0,8,2022-03-03,8
0,CULTR,0,0,112,2022-03-04,112
2,CULTR,0,0,104,2022-03-05,102
0,CULTR,0,0,23,2022-03-07,23
2,CULTR,0,0,12,2022-03-08,10
1,CULTR,0,0,9,2022-03-12,8
2,CULTR,0,0,86,2022-03-14,84
0,CULTR,0,0,23,2022-03-15,23
2,CULTR,0,0,13,2022-03-18,11
0,CULTR,0,0,9,2022-03-21,9
0,CULTR,0,0,83,2022-03-23,83
4,CULTR,0,0,26,2022-03-25,22
0,CULTR,0,0,1,2022-03-26,1
2,CULTR,0,0,12,2022-03-27,10
0,CULTR,0,0,2,2022-03-28,2
0,CULTR,0,0,6,2022-03-29,6
0,CULTR,0,0,84,2022-03-31,84
0,CULTR,0,0,1,2022-04-16,1
2,CULTR,0,0,137,2022-07-08,135
0,CULTR,0,0,1,2022-07-09,1
0,CULTR,0,0,193,2022-08-10,193
0,CULTR,0,0,3,2022-08-11,3
0,CULTR,0,0,74,2022-08-12,74
0,CULTR,0,0,68,2022-09-26,68
1,CULTR,0,1,37,2022-09-27,35
6,CULTR,0,0,63,2022-09-28,57
1,CULTR,0,0,1,2022-09-29,0
5,CULTR,0,3,109,2022-09-30,101
0,CULTR,0,1,152,2022-10-14,151
0,CULTR,0,0,55,2022-10-17,55
0,CULTR,0,0,25,2022-10-18,25
0,CULTR,0,0,193,2022-10-27,193
0,CULTR,0,0,114,2022-10-28,114
0,CULTR,0,0,59,2022-10-29,59
0,CULTR,0,0,60,2022-10-31,60
0,CULTR,0,1,23,2022-11-01,22
0,CULTR,0,0,24,2022-11-02,24
0,CULTR,0,0,9,2022-11-05,9
0,CULTR,0,0,177,2022-11-11,177
0,CULTR,0,0,328,2022-11-12,328
0,CULTR,0,1,235,2022-11-13,234
0,CULTR,0,2,217,2022-11-25,215
0,CULTR,0,0,4,2022-11-26,4
3,ECON,0,0,17,2022-01-22,14
3,ECON,0,0,17,2022-01-26,14
0,ECON,0,1,17,2022-01-30,16
0,ECON,0,0,3,2022-02-03,3
0,ECON,0,1,14,2022-02-07,13
3,ECON,0,1,11,2022-02-11,7
1,ECON,0,0,9,2022-02-12,8
0,ECON,0,0,14,2022-02-16,14
0,ECON,0,0,11,2022-02-19,11
0,ECON,0,0,3,2022-02-23,3
0,ECON,0,0,7,2022-02-25,7
0,ECON,0,0,10,2022-02-27,10
0,ECON,0,0,3,2022-03-03,3
0,ECON,0,0,7,2022-03-05,7
0,ECON,0,0,3,2022-03-06,3
0,ECON,0,0,13,2022-03-07,13
0,ECON,0,0,7,2022-03-14,7
0,ECON,0,0,13,2022-03-15,13
0,ECON,0,0,19,2022-03-25,19
0,ECON,0,0,1,2022-03-27,1
0,ECON,0,0,7,2022-07-08,7
0,ECON,0,0,17,2022-07-09,17
0,ECON,0,0,29,2022-08-10,29
0,ECON,0,2,61,2022-09-28,59
0,ECON,0,0,13,2022-09-29,13
0,ECON,0,1,43,2022-10-18,42
0,ECON,0,2,59,2022-10-31,57
0,ECON,0,0,50,2022-11-01,50
0,ECON,0,0,23,2022-11-02,23
0,ECON,0,0,4,2022-11-05,4
0,ECON,0,1,62,2022-11-13,61
0,ECON,0,2,70,2022-11-25,68
0,ECON,0,1,18,2022-11-26,17
0,ENV,0,0,20,2022-01-21,20
0,ENV,0,0,20,2022-01-24,20
1,ENV,0,0,4,2022-01-26,3
1,ENV,0,4,19,2022-01-27,14
0,ENV,0,0,19,2022-01-29,19
0,ENV,0,0,1,2022-01-30,1
0,ENV,0,0,3,2022-02-02,3
0,ENV,0,0,8,2022-02-03,8
1,ENV,0,0,11,2022-02-04,10
0,ENV,0,0,19,2022-02-06,19
0,ENV,0,0,1,2022-02-09,1
0,ENV,0,0,3,2022-02-10,3
0,ENV,0,0,8,2022-02-11,8
0,ENV,0,0,19,2022-02-12,19
0,ENV,0,0,11,2022-02-13,11
0,ENV,0,0,2,2022-02-15,2
0,ENV,0,0,4,2022-02-16,4
0,ENV,0,0,2,2022-02-18,2
0,ENV,0,0,5,2022-02-19,5
1,ENV,0,0,18,2022-02-20,17
0,ENV,0,0,11,2022-02-22,11
1,ENV,0,0,5,2022-02-23,4
0,ENV,0,0,7,2022-02-25,7
0,ENV,0,0,4,2022-02-28,4
0,ENV,0,0,11,2022-03-02,11
0,ENV,0,0,6,2022-03-03,6
0,ENV,0,0,22,2022-03-04,22
0,ENV,0,0,7,2022-03-05,7
0,ENV,0,0,4,2022-03-08,4
0,ENV,0,0,11,2022-03-10,11
0,ENV,0,0,3,2022-03-12,3
0,ENV,0,0,7,2022-03-14,7
0,ENV,0,0,15,2022-03-18,15
0,ENV,0,0,3,2022-03-21,3
0,ENV,0,0,7,2022-03-23,7
0,ENV,0,0,15,2022-03-27,15
0,ENV,0,0,4,2022-03-28,4
0,ENV,0,0,2,2022-03-29,2
0,ENV,0,0,6,2022-03-31,6
0,ENV,0,0,27,2022-07-08,27
0,ENV,0,1,40,2022-08-10,39
0,ENV,0,0,27,2022-08-12,27
0,ENV,0,2,64,2022-09-24,62
0,ENV,0,1,6,2022-09-25,5
0,ENV,0,0,9,2022-09-26,9
0,ENV,0,0,1,2022-09-27,1
0,ENV,0,0,1,2022-09-28,1
0,ENV,0,0,72,2022-09-30,72
0,ENV,0,0,6,2022-10-01,6
0,ENV,0,0,2,2022-10-02,2
0,ENV,0,0,120,2022-10-13,120
0,ENV,0,0,66,2022-10-14,66
0,ENV,0,0,78,2022-10-27,78
0,ENV,0,0,45,2022-11-10,45
0,ENV,0,0,79,2022-11-11,79
0,ENV,0,0,40,2022-11-12,40
0,ENV,0,0,23,2022-11-13,23
0,ENV,0,0,6,2022-11-24,6
3,ENV,0,1,53,2022-11-25,49
0,ENV,0,0,19,2022-12-20,19
1,FILE,0,0,2,2022-01-21,1
2,FILE,0,0,17,2022-01-22,15
0,FILE,0,0,1,2022-01-23,1
3,FILE,0,0,18,2022-01-24,15
1,FILE,0,0,1,2022-01-26,0
0,FILE,0,0,24,2022-01-27,24
3,FILE,0,1,31,2022-01-28,27
4,FILE,0,1,9,2022-02-01,4
2,FILE,0,0,10,2022-02-02,8
2,FILE,0,0,12,2022-02-04,10
0,FILE,0,0,1,2022-02-05,1
3,FILE,0,0,30,2022-02-06,27
1,FILE,0,0,9,2022-02-09,8
2,FILE,0,0,10,2022-02-10,8
0,FILE,0,0,13,2022-02-12,13
0,FILE,0,0,1,2022-02-13,1
2,FILE,0,1,30,2022-02-15,27
0,FILE,0,0,2,2022-02-17,2
0,FILE,0,0,16,2022-02-18,16
0,FILE,0,0,13,2022-02-20,13
0,FILE,0,0,1,2022-02-22,1
1,FILE,0,0,7,2022-02-23,6
0,FILE,0,0,19,2022-02-25,19
0,FILE,0,0,7,2022-02-27,7
0,FILE,0,0,1,2022-03-02,1
0,FILE,0,0,7,2022-03-03,7
0,FILE,0,0,23,2022-03-04,23
0,FILE,0,0,28,2022-03-05,28
0,FILE,0,0,6,2022-03-07,6
0,FILE,0,0,1,2022-03-08,1
0,FILE,0,0,1,2022-03-10,1
0,FILE,0,0,5,2022-03-12,5
0,FILE,0,0,20,2022-03-14,20
0,FILE,0,0,6,2022-03-15,6
0,FILE,0,0,2,2022-03-18,2
0,FILE,0,0,5,2022-03-21,5
0,FILE,0,0,15,2022-03-23,15
4,FILE,0,0,11,2022-03-25,7
0,FILE,0,0,2,2022-03-27,2
0,FILE,0,0,1,2022-03-28,1
0,FILE,0,0,4,2022-03-29,4
0,FILE,0,0,16,2022-03-31,16
5,FILE,0,1,38,2022-07-08,32
0,FILE,0,0,1,2022-07-09,1
0,FILE,0,0,1,2022-08-09,1
2,FILE,0,1,65,2022-08-10,62
0,FILE,0,0,6,2022-08-11,6
2,FILE,0,1,38,2022-08-12,35
1,FILE,0,0,9,2022-09-26,8
2,FILE,0,0,28,2022-09-27,26
3,FILE,0,0,29,2022-09-28,26
8,FILE,0,4,83,2022-09-30,71
0,FILE,0,1,72,2022-10-14,71
1,FILE,0,3,49,2022-10-17,45
0,FILE,0,1,29,2022-10-18,28
0,FILE,0,1,116,2022-10-27,115
0,FILE,0,7,159,2022-10-28,152
0,FILE,0,2,75,2022-10-29,73
0,FILE,0,2,67,2022-10-31,65
0,FILE,0,1,8,2022-11-01,7
0,FILE,0,0,8,2022-11-02,8
0,FILE,0,0,3,2022-11-05,3
0,FILE,0,1,41,2022-11-11,40
0,FILE,0,0,88,2022-11-12,88
0,FILE,0,8,191,2022-11-13,183
2,FILE,0,13,151,2022-11-25,136
1,FILE,0,0,4,2022-11-26,3
3,GAME,0,0,18,2022-01-22,15
0,GAME,0,0,1,2022-01-24,1
2,GAME,0,0,17,2022-01-26,15
0,GAME,0,0,1,2022-01-28,1
2,GAME,0,0,17,2022-01-30,15
0,GAME,0,0,1,2022-02-01,1
2,GAME,0,0,5,2022-02-03,3
0,GAME,0,0,1,2022-02-06,1
0,GAME,0,0,12,2022-02-07,12
0,GAME,0,0,1,2022-02-09,1
5,GAME,0,0,17,2022-02-11,12
0,GAME,0,0,5,2022-02-12,5
0,GAME,0,0,1,2022-02-15,1
0,GAME,0,0,12,2022-02-16,12
0,GAME,0,0,1,2022-02-18,1
4,GAME,0,0,17,2022-02-19,13
0,GAME,0,0,4,2022-02-25,4
3,GAME,0,0,14,2022-02-27,11
0,GAME,0,0,4,2022-03-05,4
0,GAME,0,0,4,2022-03-06,4
2,GAME,0,0,12,2022-03-07,10
0,GAME,0,0,6,2022-03-14,6
2,GAME,0,0,12,2022-03-15,10
3,GAME,0,0,17,2022-03-25,14
0,GAME,0,0,1,2022-03-27,1
0,GAME,0,0,6,2022-07-08,6
0,GAME,0,1,14,2022-07-09,13
0,GAME,0,0,41,2022-08-10,41
0,GAME,0,0,2,2022-08-11,2
0,GAME,0,1,40,2022-09-28,39
0,GAME,0,0,11,2022-09-29,11
0,GAME,0,0,34,2022-10-18,34
0,GAME,0,0,36,2022-10-31,36
0,GAME,0,0,58,2022-11-01,58
0,GAME,0,0,10,2022-11-02,10
0,GAME,0,0,44,2022-11-13,44
0,GAME,0,0,34,2022-11-25,34
0,GAME,0,0,18,2022-11-26,18
0,GOVT,0,0,1,2022-01-21,1
0,GOVT,0,0,24,2022-01-22,24
1,GOVT,0,0,25,2022-01-24,24
0,GOVT,0,0,1,2022-01-26,1
0,GOVT,0,0,2,2022-01-27,2
1,GOVT,0,0,25,2022-01-28,24
0,GOVT,0,0,1,2022-01-29,1
2,GOVT,0,0,3,2022-02-01,1
1,GOVT,0,0,21,2022-02-02,20
0,GOVT,0,0,1,2022-02-03,1
0,GOVT,0,0,1,2022-02-04,1
0,GOVT,0,0,26,2022-02-06,26
0,GOVT,0,0,3,2022-02-09,3
0,GOVT,0,1,21,2022-02-10,20
0,GOVT,0,0,1,2022-02-11,1
0,GOVT,0,0,2,2022-02-12,2
4,GOVT,0,0,25,2022-02-15,21
0,GOVT,0,0,1,2022-02-16,1
0,GOVT,0,0,1,2022-02-17,1
0,GOVT,0,0,23,2022-02-18,23
0,GOVT,0,0,2,2022-02-20,2
2,GOVT,0,0,5,2022-02-23,3
0,GOVT,0,0,1,2022-02-25,1
0,GOVT,0,0,19,2022-02-27,19
0,GOVT,0,0,1,2022-02-28,1
0,GOVT,0,0,5,2022-03-03,5
0,GOVT,0,0,24,2022-03-04,24
0,GOVT,0,0,3,2022-03-05,3
0,GOVT,0,0,18,2022-03-07,18
0,GOVT,0,0,2,2022-03-08,2
0,GOVT,0,0,5,2022-03-12,5
0,GOVT,0,0,1,2022-03-14,1
0,GOVT,0,0,18,2022-03-15,18
0,GOVT,0,0,2,2022-03-18,2
0,GOVT,0,0,5,2022-03-21,5
0,GOVT,0,0,6,2022-03-23,6
2,GOVT,0,0,13,2022-03-25,11
0,GOVT,0,0,2,2022-03-27,2
0,GOVT,0,0,5,2022-03-29,5
0,GOVT,0,0,6,2022-03-31,6
1,GOVT,0,0,27,2022-07-08,26
14,GOVT,0,2,50,2022-08-10,34
1,GOVT,0,0,1,2022-08-11,0
5,GOVT,0,1,29,2022-08-12,23
7,GOVT,0,1,8,2022-08-13,0
0,GOVT,0,0,1,2022-09-27,1
3,GOVT,0,0,34,2022-09-28,31
0,GOVT,0,0,1,2022-09-29,1
2,GOVT,0,0,32,2022-09-30,30
1,GOVT,0,1,24,2022-10-14,22
0,GOVT,0,0,16,2022-10-17,16
2,GOVT,0,0,13,2022-10-18,11
4,GOVT,0,4,32,2022-10-27,24
10,GOVT,0,12,45,2022-10-28,23
8,GOVT,0,8,27,2022-10-29,11
5,GOVT,0,1,31,2022-10-31,25
1,GOVT,0,1,13,2022-11-01,11
0,GOVT,0,0,2,2022-11-02,2
4,GOVT,0,3,70,2022-11-13,63
17,GOVT,0,8,63,2022-11-25,38
2,GOVT,0,0,3,2022-11-26,1
0,GRP,0,0,2,2022-01-12,2
0,GRP,0,0,1,2022-01-20,1
0,GRP,0,0,46,2022-01-21,46
0,GRP,0,0,6,2022-01-22,6
0,GRP,0,0,42,2022-01-23,42
0,GRP,0,0,51,2022-01-24,51
25,GRP,0,1,58,2022-01-26,32
12,GRP,0,0,19,2022-01-27,7
0,GRP,0,0,57,2022-01-28,57
0,GRP,0,0,2,2022-01-30,2
1,GRP,0,1,90,2022-02-02,88
0,GRP,0,0,4,2022-02-03,4
0,GRP,0,0,11,2022-02-04,11
0,GRP,0,0,1,2022-02-05,1
0,GRP,0,0,33,2022-02-06,33
0,GRP,0,0,25,2022-02-09,25
0,GRP,0,0,90,2022-02-10,90
0,GRP,0,1,7,2022-02-11,6
0,GRP,0,1,64,2022-02-12,63
0,GRP,0,0,1,2022-02-13,1
0,GRP,0,0,33,2022-02-16,33
0,GRP,0,0,62,2022-02-18,62
0,GRP,0,0,9,2022-02-19,9
0,GRP,0,0,59,2022-02-20,59
0,GRP,0,0,1,2022-02-22,1
0,GRP,0,0,2,2022-02-23,2
0,GRP,0,0,9,2022-02-25,9
0,GRP,0,0,10,2022-02-27,10
0,GRP,0,0,90,2022-02-28,90
0,GRP,0,0,1,2022-03-02,1
0,GRP,0,0,6,2022-03-03,6
0,GRP,0,0,3,2022-03-04,3
0,GRP,0,0,60,2022-03-05,60
0,GRP,0,0,4,2022-03-06,4
0,GRP,0,0,1,2022-03-07,1
1,GRP,0,0,101,2022-03-08,100
0,GRP,0,0,15,2022-03-10,15
0,GRP,0,0,6,2022-03-12,6
0,GRP,0,0,11,2022-03-14,11
0,GRP,0,0,10,2022-03-15,10
0,GRP,0,0,106,2022-03-18,106
0,GRP,0,0,8,2022-03-21,8
0,GRP,0,0,8,2022-03-23,8
0,GRP,0,0,4,2022-03-25,4
4,GRP,0,0,50,2022-03-26,46
0,GRP,0,0,65,2022-03-27,65
0,GRP,0,0,11,2022-03-28,11
0,GRP,0,0,9,2022-03-31,9
0,GRP,0,0,4,2022-04-11,4
0,GRP,0,0,11,2022-04-12,11
0,GRP,0,0,7,2022-04-15,7
0,GRP,0,0,5,2022-04-16,5
0,GRP,0,0,2,2022-07-04,2
0,GRP,0,0,2,2022-07-06,2
0,GRP,0,0,2,2022-07-07,2
3,GRP,0,0,165,2022-07-08,162
2,GRP,0,1,84,2022-07-09,81
0,GRP,0,0,1,2022-07-10,1
0,GRP,0,0,4,2022-07-11,4
2,GRP,0,0,6,2022-07-16,4
3,GRP,0,0,12,2022-07-17,9
0,GRP,0,0,1,2022-07-20,1
0,GRP,0,0,6,2022-07-22,6
0,GRP,0,0,1,2022-07-25,1
1,GRP,0,0,5,2022-07-26,4
0,GRP,0,0,1,2022-07-27,1
0,GRP,0,0,3,2022-07-28,3
0,GRP,0,4,153,2022-08-09,149
0,GRP,0,7,144,2022-08-10,137
0,GRP,0,1,39,2022-08-11,38
0,GRP,0,5,127,2022-08-12,122
0,GRP,0,13,164,2022-08-13,151
0,GRP,0,3,118,2022-09-12,115
8,GRP,0,1,53,2022-09-14,44
14,GRP,0,0,33,2022-09-16,19
1,GRP,0,1,5,2022-09-18,3
0,GRP,0,0,13,2022-09-19,13
1,GRP,0,0,7,2022-09-20,6
0,GRP,0,0,2,2022-09-22,2
1,GRP,0,0,12,2022-09-24,11
11,GRP,0,3,114,2022-09-25,100
62,GRP,0,3,225,2022-09-26,160
4,GRP,0,1,93,2022-09-27,88
3,GRP,0,0,24,2022-09-28,21
11,GRP,0,1,155,2022-09-29,143
2,GRP,0,1,61,2022-09-30,58
1,GRP,0,0,13,2022-10-01,12
0,GRP,0,0,4,2022-10-02,4
8,GRP,0,0,98,2022-10-03,90
0,GRP,0,1,2,2022-10-04,1
0,GRP,0,1,7,2022-10-05,6
0,GRP,0,3,73,2022-10-07,70
2,GRP,0,3,144,2022-10-08,139
5,GRP,0,1,78,2022-10-09,72
1,GRP,0,22,561,2022-10-10,538
0,GRP,0,2,121,2022-10-11,119
0,GRP,0,0,8,2022-10-12,8
0,GRP,0,0,16,2022-10-13,16
0,GRP,0,0,10,2022-10-14,10
0,GRP,0,1,314,2022-10-17,313
0,GRP,0,2,152,2022-10-18,150
0,GRP,0,0,6,2022-10-24,6
0,GRP,0,0,32,2022-10-25,32
0,GRP,0,0,36,2022-10-26,36
3,GRP,0,3,129,2022-10-27,123
1,GRP,0,17,284,2022-10-28,266
0,GRP,0,3,84,2022-10-29,81
0,GRP,0,1,62,2022-10-30,61
1,GRP,0,2,116,2022-10-31,113
2,GRP,0,5,143,2022-11-01,136
0,GRP,0,3,138,2022-11-02,135
0,GRP,0,0,12,2022-11-05,12
0,GRP,0,3,96,2022-11-07,93
0,GRP,0,0,14,2022-11-09,14
0,GRP,0,0,20,2022-11-10,20
0,GRP,0,0,11,2022-11-11,11
0,GRP,0,0,8,2022-11-12,8
0,GRP,0,1,128,2022-11-13,127
0,GRP,0,0,9,2022-11-17,9
0,GRP,0,0,12,2022-11-18,12
0,GRP,0,6,233,2022-11-22,227
0,GRP,0,1,45,2022-11-23,44
0,GRP,0,0,12,2022-11-24,12
1,GRP,0,0,24,2022-11-25,23
0,GRP,0,2,92,2022-11-26,90
0,GRP,0,0,19,2022-11-27,19
1,GRP,0,0,12,2022-11-28,11
0,GRP,0,0,4,2022-11-29,4
0,GRP,0,0,14,2022-11-30,14
0,GRP,0,0,2,2022-12-01,2
0,GRP,0,0,2,2022-12-02,2
0,GRP,0,0,4,2022-12-03,4
2,GRP,0,0,94,2022-12-04,92
0,GRP,0,1,33,2022-12-05,32
2,GRP,0,3,57,2022-12-06,52
2,GRP,0,0,88,2022-12-18,86
0,GRP,0,0,4,2022-12-19,4
0,GRP,0,0,13,2022-12-20,13
4,HACK,0,1,31,2022-01-22,26
7,HACK,0,4,32,2022-01-26,21
0,HACK,0,0,3,2022-01-27,3
0,HACK,0,0,1,2022-01-28,1
2,HACK,0,1,31,2022-01-30,28
0,HACK,0,0,17,2022-02-03,17
0,HACK,0,0,1,2022-02-04,1
0,HACK,0,0,1,2022-02-05,1
2,HACK,0,1,14,2022-02-07,11
0,HACK,0,0,1,2022-02-10,1
2,HACK,0,1,34,2022-02-11,31
1,HACK,0,0,15,2022-02-12,14
0,HACK,0,0,1,2022-02-13,1
2,HACK,0,1,15,2022-02-16,12
0,HACK,0,0,1,2022-02-18,1
0,HACK,0,1,34,2022-02-19,33
0,HACK,0,0,1,2022-02-21,1
0,HACK,0,0,1,2022-02-22,1
2,HACK,0,0,7,2022-02-25,5
0,HACK,0,1,24,2022-02-27,23
0,HACK,0,0,1,2022-03-02,1
0,HACK,0,0,2,2022-03-04,2
1,HACK,0,0,7,2022-03-05,6
0,HACK,0,0,7,2022-03-06,7
2,HACK,0,0,24,2022-03-07,22
0,HACK,0,0,1,2022-03-12,1
0,HACK,0,0,9,2022-03-14,9
1,HACK,0,0,24,2022-03-15,23
0,HACK,0,0,1,2022-03-21,1
2,HACK,0,0,30,2022-03-25,28
0,HACK,0,0,3,2022-03-27,3
0,HACK,0,0,2,2022-03-31,2
1,HACK,0,0,25,2022-07-08,24
1,HACK,0,0,15,2022-07-09,14
0,HACK,0,3,82,2022-08-10,79
0,HACK,0,0,1,2022-08-11,1
7,HACK,0,0,60,2022-09-28,53
1,HACK,0,0,17,2022-09-29,16
0,HACK,0,1,45,2022-10-18,44
0,HACK,0,0,65,2022-10-31,65
8,HACK,0,3,74,2022-11-01,63
0,HACK,0,0,40,2022-11-02,40
0,HACK,0,0,13,2022-11-05,13
0,HACK,0,4,68,2022-11-13,64
0,HACK,0,0,88,2022-11-25,88
0,HACK,0,1,20,2022-11-26,19
10,HOST,0,0,102,2022-01-21,92
0,HOST,0,0,2,2022-01-22,2
0,HOST,0,0,2,2022-01-23,2
10,HOST,0,1,100,2022-01-24,89
0,HOST,0,0,1,2022-01-25,1
5,HOST,0,0,20,2022-01-26,15
22,HOST,0,14,82,2022-01-27,46
0,HOST,0,0,4,2022-01-28,4
10,HOST,0,0,96,2022-01-29,86
0,HOST,0,0,4,2022-01-30,4
10,HOST,0,0,59,2022-02-02,49
0,HOST,0,0,30,2022-02-03,30
4,HOST,0,0,13,2022-02-04,9
0,HOST,0,0,1,2022-02-05,1
10,HOST,0,0,97,2022-02-06,87
1,HOST,0,0,2,2022-02-07,1
0,HOST,0,0,4,2022-02-09,4
11,HOST,0,0,60,2022-02-10,49
0,HOST,0,0,30,2022-02-11,30
7,HOST,0,0,57,2022-02-12,50
1,HOST,0,0,44,2022-02-13,43
2,HOST,0,0,13,2022-02-15,11
4,HOST,0,0,24,2022-02-16,20
0,HOST,0,0,1,2022-02-17,1
6,HOST,0,0,44,2022-02-18,38
0,HOST,0,0,24,2022-02-19,24
8,HOST,0,1,56,2022-02-20,47
0,HOST,0,0,1,2022-02-21,1
1,HOST,0,0,45,2022-02-22,44
3,HOST,0,0,15,2022-02-23,12
5,HOST,0,0,31,2022-02-25,26
3,HOST,0,0,22,2022-02-28,19
1,HOST,0,0,47,2022-03-02,46
11,HOST,0,0,58,2022-03-03,47
2,HOST,0,0,56,2022-03-04,54
5,HOST,0,0,33,2022-03-05,28
0,HOST,0,0,1,2022-03-06,1
3,HOST,0,0,22,2022-03-08,19
1,HOST,0,0,46,2022-03-10,45
2,HOST,0,0,13,2022-03-12,11
6,HOST,0,0,28,2022-03-14,22
0,HOST,0,0,1,2022-03-15,1
4,HOST,0,0,69,2022-03-18,65
2,HOST,0,0,13,2022-03-21,11
5,HOST,0,0,28,2022-03-23,23
0,HOST,0,0,3,2022-03-26,3
4,HOST,0,0,66,2022-03-27,62
11,HOST,0,0,65,2022-03-28,54
0,HOST,0,0,8,2022-03-29,8
0,HOST,0,0,8,2022-03-31,8
1,HOST,0,2,112,2022-07-08,109
0,HOST,0,0,3,2022-07-09,3
0,HOST,0,0,3,2022-08-09,3
2,HOST,0,1,187,2022-08-10,184
0,HOST,0,0,8,2022-08-11,8
2,HOST,0,1,111,2022-08-12,108
0,HOST,0,0,1,2022-09-12,1
39,HOST,0,9,287,2022-09-24,239
3,HOST,0,0,9,2022-09-25,6
12,HOST,0,0,25,2022-09-26,13
10,HOST,0,0,14,2022-09-27,4
20,HOST,0,0,26,2022-09-28,6
2,HOST,0,0,2,2022-09-29,0
37,HOST,0,3,204,2022-09-30,164
0,HOST,0,4,38,2022-10-01,34
0,HOST,0,0,9,2022-10-02,9
8,HOST,0,5,415,2022-10-13,402
1,HOST,0,2,127,2022-10-14,124
0,HOST,0,0,14,2022-10-17,14
0,HOST,0,0,2,2022-10-18,2
5,HOST,0,1,344,2022-10-27,338
0,HOST,0,0,72,2022-10-28,72
0,HOST,0,0,27,2022-10-29,27
0,HOST,0,0,3,2022-10-31,3
4,HOST,0,0,193,2022-11-10,189
0,HOST,0,0,145,2022-11-11,145
0,HOST,0,0,108,2022-11-12,108
0,HOST,0,0,75,2022-11-13,75
0,HOST,0,0,76,2022-11-24,76
12,HOST,0,2,156,2022-11-25,142
2,HOST,0,5,95,2022-12-20,88
0,HUMR,0,0,116,2022-01-21,116
0,HUMR,0,0,65,2022-01-22,65
1,HUMR,0,0,49,2022-01-23,48
0,HUMR,0,1,34,2022-01-24,33
0,HUMR,0,0,81,2022-01-25,81
30,HUMR,0,11,106,2022-01-27,65
0,HUMR,0,0,65,2022-01-28,65
2,HUMR,0,2,94,2022-01-30,90
0,HUMR,0,0,28,2022-01-31,28
2,HUMR,0,0,52,2022-02-02,50
7,HUMR,0,0,14,2022-02-04,7
0,HUMR,0,0,51,2022-02-05,51
1,HUMR,0,0,72,2022-02-07,71
0,HUMR,0,0,82,2022-02-09,82
0,HUMR,0,0,69,2022-02-10,69
1,HUMR,0,0,66,2022-02-11,65
0,HUMR,0,0,14,2022-02-12,14
0,HUMR,0,0,51,2022-02-13,51
1,HUMR,0,0,50,2022-02-15,49
0,HUMR,0,0,22,2022-02-16,22
0,HUMR,0,0,12,2022-02-17,12
0,HUMR,0,1,80,2022-02-18,79
1,HUMR,0,0,125,2022-02-19,124
0,HUMR,0,0,14,2022-02-21,14
0,HUMR,0,0,48,2022-02-22,48
0,HUMR,0,0,10,2022-02-23,10
2,HUMR,0,0,17,2022-02-25,15
0,HUMR,0,0,39,2022-02-27,39
0,HUMR,0,0,13,2022-02-28,13
6,HUMR,0,0,136,2022-03-02,130
1,HUMR,0,0,41,2022-03-03,40
0,HUMR,0,0,87,2022-03-05,87
0,HUMR,0,0,53,2022-03-06,53
1,HUMR,0,0,20,2022-03-08,19
0,HUMR,0,0,89,2022-03-10,89
0,HUMR,0,0,20,2022-03-12,20
0,HUMR,0,0,17,2022-03-14,17
1,HUMR,0,0,85,2022-03-15,84
0,HUMR,0,0,49,2022-03-18,49
10,HUMR,0,0,95,2022-03-21,85
1,HUMR,0,0,13,2022-03-23,12
0,HUMR,0,0,19,2022-03-26,19
0,HUMR,0,0,66,2022-03-27,66
2,HUMR,0,0,53,2022-03-28,51
0,HUMR,0,0,7,2022-03-29,7
1,HUMR,0,0,54,2022-03-31,53
1,HUMR,0,0,148,2022-07-08,147
4,HUMR,0,0,141,2022-07-09,137
0,HUMR,0,1,212,2022-08-09,211
0,HUMR,0,0,45,2022-08-10,45
1,HUMR,0,3,243,2022-08-11,239
0,HUMR,0,0,26,2022-08-12,26
0,HUMR,0,0,145,2022-08-13,145
0,HUMR,0,0,16,2022-09-12,16
0,HUMR,0,0,20,2022-09-16,20
3,HUMR,0,2,57,2022-09-18,52
6,HUMR,0,6,132,2022-09-19,120
0,HUMR,0,0,2,2022-09-20,2
0,HUMR,0,1,28,2022-09-25,27
0,HUMR,0,0,11,2022-09-26,11
0,HUMR,0,0,30,2022-09-27,30
0,HUMR,0,0,24,2022-09-28,24
4,HUMR,0,7,227,2022-09-29,216
1,HUMR,0,0,83,2022-09-30,82
5,HUMR,0,1,185,2022-10-01,179
0,HUMR,0,0,11,2022-10-02,11
1,HUMR,0,0,53,2022-10-03,52
0,HUMR,0,0,26,2022-10-04,26
1,HUMR,0,3,109,2022-10-05,105
0,HUMR,0,0,3,2022-10-07,3
3,HUMR,0,1,45,2022-10-08,41
0,HUMR,0,0,2,2022-10-09,2
15,HUMR,0,1,268,2022-10-10,252
1,HUMR,0,7,241,2022-10-11,233
0,HUMR,0,0,6,2022-10-12,6
0,HUMR,0,0,56,2022-10-17,56
1,HUMR,0,0,125,2022-10-18,124
0,HUMR,0,5,99,2022-10-24,94
0,HUMR,0,25,605,2022-10-25,580
0,HUMR,0,6,223,2022-10-26,217
2,HUMR,0,0,11,2022-10-27,9
0,HUMR,0,0,125,2022-10-28,125
0,HUMR,0,5,257,2022-10-29,252
1,HUMR,0,0,10,2022-10-30,9
3,HUMR,0,0,27,2022-10-31,24
1,HUMR,0,0,127,2022-11-02,126
0,HUMR,0,3,141,2022-11-05,138
2,HUMR,0,4,224,2022-11-07,218
0,HUMR,0,7,258,2022-11-09,251
0,HUMR,0,5,84,2022-11-10,79
2,HUMR,0,0,32,2022-11-13,30
0,HUMR,0,4,139,2022-11-17,135
0,HUMR,0,6,160,2022-11-18,154
4,HUMR,0,3,97,2022-11-22,90
1,HUMR,0,1,43,2022-11-23,41
1,HUMR,0,1,90,2022-11-26,88
1,HUMR,0,4,260,2022-11-27,255
0,HUMR,0,1,144,2022-11-28,143
0,HUMR,0,0,43,2022-11-29,43
0,HUMR,0,15,287,2022-11-30,272
2,HUMR,0,2,41,2022-12-01,37
1,HUMR,0,0,40,2022-12-02,39
1,HUMR,0,0,47,2022-12-03,46
2,HUMR,0,0,111,2022-12-04,109
1,HUMR,0,1,96,2022-12-06,94
1,HUMR,0,1,33,2022-12-18,31
2,HUMR,0,3,48,2022-12-19,43
3,HUMR,0,2,85,2022-12-20,80
0,IGO,0,0,7,2022-01-22,7
0,IGO,0,0,7,2022-01-24,7
0,IGO,0,0,7,2022-01-28,7
1,IGO,0,0,1,2022-02-01,0
0,IGO,0,0,6,2022-02-02,6
1,IGO,0,0,7,2022-02-06,6
0,IGO,0,0,1,2022-02-09,1
0,IGO,0,0,6,2022-02-10,6
0,IGO,0,0,7,2022-02-15,7
0,IGO,0,0,7,2022-02-18,7
0,IGO,0,0,7,2022-02-27,7
0,IGO,0,0,5,2022-03-04,5
0,IGO,0,0,2,2022-03-05,2
0,IGO,0,0,6,2022-03-07,6
0,IGO,0,0,1,2022-03-08,1
0,IGO,0,0,6,2022-03-15,6
0,IGO,0,0,1,2022-03-18,1
0,IGO,0,0,3,2022-03-23,3
0,IGO,0,0,3,2022-03-25,3
0,IGO,0,0,1,2022-03-27,1
0,IGO,0,0,3,2022-03-31,3
0,IGO,0,0,7,2022-07-08,7
0,IGO,0,0,11,2022-08-10,11
0,IGO,0,0,7,2022-08-12,7
0,IGO,0,0,8,2022-09-28,8
0,IGO,0,0,7,2022-09-30,7
0,IGO,0,0,3,2022-10-14,3
0,IGO,0,0,5,2022-10-18,5
0,IGO,0,0,5,2022-10-27,5
0,IGO,0,0,10,2022-10-31,10
0,IGO,0,0,5,2022-11-01,5
0,IGO,0,0,1,2022-11-02,1
0,IGO,0,0,14,2022-11-13,14
0,IGO,0,0,15,2022-11-25,15
0,IGO,0,0,1,2022-11-26,1
0,LGBT,0,0,3,2022-01-21,3
0,LGBT,0,0,3,2022-01-23,3
0,LGBT,0,0,3,2022-01-26,3
0,LGBT,0,0,3,2022-01-28,3
0,LGBT,0,0,3,2022-02-02,3
0,LGBT,0,0,3,2022-02-05,3
0,LGBT,0,0,3,2022-02-10,3
0,LGBT,0,0,3,2022-02-12,3
0,LGBT,0,0,3,2022-02-13,3
0,LGBT,0,0,2,2022-02-19,2
0,LGBT,0,0,1,2022-02-20,1
0,LGBT,0,0,2,2022-02-21,2
0,LGBT,0,0,1,2022-02-22,1
0,LGBT,0,0,3,2022-03-02,3
0,LGBT,0,0,3,2022-03-03,3
0,LGBT,0,0,3,2022-03-10,3
0,LGBT,0,0,2,2022-03-12,2
0,LGBT,0,0,1,2022-03-18,1
0,LGBT,0,0,2,2022-03-21,2
0,LGBT,0,0,1,2022-03-27,1
0,LGBT,0,0,3,2022-03-28,3
0,LGBT,0,0,3,2022-07-08,3
0,LGBT,0,0,3,2022-07-09,3
0,LGBT,0,0,3,2022-08-10,3
0,LGBT,0,0,10,2022-08-11,10
0,MISC,0,0,1,2022-01-22,1
0,MISC,0,0,1,2022-01-26,1
0,MISC,0,0,1,2022-01-30,1
0,MISC,0,0,1,2022-02-03,1
0,MISC,0,0,2,2022-02-11,2
0,MISC,0,0,2,2022-02-19,2
0,MISC,0,0,1,2022-02-27,1
0,MISC,0,0,1,2022-03-07,1
0,MISC,0,0,1,2022-03-15,1
0,MISC,0,0,1,2022-03-25,1
0,MISC,0,0,1,2022-07-08,1
0,MISC,0,0,5,2022-09-28,5
0,MISC,0,0,1,2022-09-29,1
0,MMED,0,0,37,2022-01-21,37
0,MMED,0,0,6,2022-01-22,6
0,MMED,0,0,33,2022-01-23,33
0,MMED,0,0,7,2022-01-24,7
10,MMED,0,1,38,2022-01-26,27
6,MMED,0,1,9,2022-01-27,2
0,MMED,0,0,42,2022-01-28,42
0,MMED,0,0,3,2022-01-30,3
0,MMED,0,0,8,2022-01-31,8
1,MMED,0,0,29,2022-02-02,28
0,MMED,0,0,3,2022-02-03,3
0,MMED,0,0,2,2022-02-04,2
0,MMED,0,0,24,2022-02-05,24
0,MMED,0,0,15,2022-02-06,15
0,MMED,0,0,15,2022-02-09,15
0,MMED,0,0,29,2022-02-10,29
0,MMED,0,0,3,2022-02-11,3
0,MMED,0,0,42,2022-02-12,42
0,MMED,0,0,25,2022-02-13,25
0,MMED,0,0,12,2022-02-16,12
0,MMED,0,0,7,2022-02-18,7
1,MMED,0,0,16,2022-02-19,15
1,MMED,0,0,27,2022-02-20,26
1,MMED,0,0,20,2022-02-21,19
1,MMED,0,0,6,2022-02-22,5
0,MMED,0,0,1,2022-02-23,1
0,MMED,0,0,13,2022-02-25,13
0,MMED,0,0,3,2022-02-27,3
0,MMED,0,0,5,2022-02-28,5
2,MMED,0,0,25,2022-03-02,23
3,MMED,0,0,37,2022-03-03,34
0,MMED,0,0,3,2022-03-04,3
0,MMED,0,0,16,2022-03-05,16
0,MMED,0,0,8,2022-03-08,8
3,MMED,0,0,39,2022-03-10,36
2,MMED,0,0,35,2022-03-12,33
0,MMED,0,0,7,2022-03-14,7
0,MMED,0,0,10,2022-03-15,10
0,MMED,0,0,14,2022-03-18,14
5,MMED,0,0,42,2022-03-21,37
2,MMED,0,0,8,2022-03-23,6
0,MMED,0,0,4,2022-03-25,4
0,MMED,0,0,1,2022-03-26,1
0,MMED,0,0,17,2022-03-27,17
2,MMED,0,0,43,2022-03-28,41
0,MMED,0,1,4,2022-03-29,3
0,MMED,0,0,6,2022-03-31,6
0,MMED,0,0,3,2022-04-11,3
2,MMED,0,0,9,2022-04-12,7
0,MMED,0,0,2,2022-04-15,2
0,MMED,0,0,2,2022-07-06,2
0,MMED,0,0,4,2022-07-07,4
4,MMED,0,0,75,2022-07-08,71
4,MMED,0,0,48,2022-07-09,44
1,MMED,0,0,9,2022-07-11,8
0,MMED,0,0,1,2022-07-13,1
0,MMED,0,0,5,2022-07-16,5
1,MMED,0,0,1,2022-07-17,0
0,MMED,0,0,5,2022-07-22,5
0,MMED,0,0,1,2022-07-25,1
0,MMED,0,0,5,2022-07-26,5
1,MMED,0,0,1,2022-07-27,0
0,MMED,0,0,3,2022-07-28,3
0,MMED,0,0,67,2022-08-09,67
0,MMED,0,0,104,2022-08-10,104
0,MMED,0,0,127,2022-08-11,127
0,MMED,0,0,42,2022-08-12,42
0,MMED,0,0,20,2022-08-13,20
0,MMED,0,0,5,2022-09-12,5
2,MMED,0,0,5,2022-09-14,3
0,MMED,0,1,1,2022-09-16,0
2,MMED,0,0,3,2022-09-18,1
0,MMED,0,0,14,2022-09-19,14
7,MMED,0,0,57,2022-09-20,50
1,MMED,0,0,4,2022-09-22,3
6,MMED,0,0,34,2022-09-24,28
1,MMED,0,0,7,2022-09-25,6
1,MMED,0,0,9,2022-09-26,8
0,MMED,0,0,7,2022-09-27,7
1,MMED,0,0,12,2022-09-28,11
2,MMED,0,1,48,2022-09-29,45
4,MMED,0,0,90,2022-09-30,86
0,MMED,0,0,12,2022-10-01,12
0,MMED,0,0,20,2022-10-02,20
0,MMED,0,0,7,2022-10-03,7
0,MMED,0,0,2,2022-10-04,2
0,MMED,0,0,11,2022-10-05,11
0,MMED,0,0,3,2022-10-07,3
0,MMED,0,0,14,2022-10-08,14
0,MMED,0,0,4,2022-10-09,4
0,MMED,0,0,30,2022-10-10,30
0,MMED,0,0,26,2022-10-11,26
0,MMED,0,0,57,2022-10-12,57
0,MMED,0,0,40,2022-10-13,40
0,MMED,0,0,10,2022-10-14,10
0,MMED,0,0,21,2022-10-17,21
0,MMED,0,0,24,2022-10-18,24
0,MMED,0,0,6,2022-10-24,6
0,MMED,0,0,32,2022-10-25,32
2,MMED,0,1,208,2022-10-26,205
2,MMED,0,0,77,2022-10-27,75
0,MMED,0,0,24,2022-10-28,24
0,MMED,0,0,24,2022-10-29,24
0,MMED,0,0,3,2022-10-30,3
0,MMED,0,0,14,2022-10-31,14
0,MMED,0,0,11,2022-11-01,11
0,MMED,0,0,17,2022-11-02,17
0,MMED,0,0,12,2022-11-05,12
0,MMED,0,0,15,2022-11-07,15
0,MMED,0,0,21,2022-11-09,21
2,MMED,0,3,98,2022-11-10,93
0,MMED,0,0,12,2022-11-11,12
0,MMED,0,0,8,2022-11-12,8
0,MMED,0,0,27,2022-11-13,27
0,MMED,0,0,9,2022-11-17,9
0,MMED,0,0,32,2022-11-18,32
0,MMED,0,0,10,2022-11-22,10
4,MMED,0,2,91,2022-11-23,85
6,MMED,0,5,82,2022-11-24,71
1,MMED,0,1,34,2022-11-25,32
0,MMED,0,0,12,2022-11-26,12
0,MMED,0,0,19,2022-11-27,19
0,MMED,0,0,12,2022-11-28,12
0,MMED,0,0,4,2022-11-29,4
0,MMED,0,0,14,2022-11-30,14
0,MMED,0,0,2,2022-12-01,2
0,MMED,0,0,2,2022-12-02,2
0,MMED,0,0,16,2022-12-03,16
0,MMED,0,1,28,2022-12-04,27
0,MMED,0,0,3,2022-12-05,3
0,MMED,0,0,6,2022-12-06,6
0,MMED,0,0,7,2022-12-18,7
0,MMED,0,0,4,2022-12-19,4
1,MMED,0,0,59,2022-12-20,58
0,NEWS,0,0,1,2022-01-12,1
0,NEWS,0,0,1,2022-01-20,1
5,NEWS,0,2,109,2022-01-21,102
4,NEWS,0,1,69,2022-01-22,64
3,NEWS,0,1,43,2022-01-23,39
2,NEWS,0,0,37,2022-01-24,35
2,NEWS,0,2,73,2022-01-25,69
1,NEWS,0,0,6,2022-01-26,5
27,NEWS,0,11,113,2022-01-27,75
0,NEWS,0,2,58,2022-01-28,56
8,NEWS,0,2,97,2022-01-30,87
2,NEWS,0,0,36,2022-01-31,34
0,NEWS,0,0,1,2022-02-01,1
4,NEWS,0,1,45,2022-02-02,40
0,NEWS,0,0,2,2022-02-03,2
6,NEWS,0,0,21,2022-02-04,15
0,NEWS,0,1,36,2022-02-05,35
0,NEWS,0,0,3,2022-02-06,3
8,NEWS,0,1,78,2022-02-07,69
6,NEWS,0,1,87,2022-02-09,80
1,NEWS,0,1,66,2022-02-10,64
4,NEWS,0,2,68,2022-02-11,62
2,NEWS,0,1,22,2022-02-12,19
0,NEWS,0,1,36,2022-02-13,35
6,NEWS,0,0,57,2022-02-15,51
1,NEWS,0,1,24,2022-02-16,22
1,NEWS,0,0,14,2022-02-17,13
3,NEWS,0,1,77,2022-02-18,73
4,NEWS,0,3,129,2022-02-19,122
0,NEWS,0,0,1,2022-02-20,1
2,NEWS,0,0,20,2022-02-21,18
0,NEWS,0,1,32,2022-02-22,31
1,NEWS,0,1,13,2022-02-23,11
5,NEWS,0,0,27,2022-02-25,22
1,NEWS,0,1,48,2022-02-27,46
0,NEWS,0,1,15,2022-02-28,14
8,NEWS,0,3,113,2022-03-02,102
6,NEWS,0,1,52,2022-03-03,45
2,NEWS,0,0,16,2022-03-04,14
4,NEWS,0,1,101,2022-03-05,96
1,NEWS,0,1,58,2022-03-06,56
3,NEWS,0,0,25,2022-03-08,22
2,NEWS,0,0,71,2022-03-10,69
2,NEWS,0,0,28,2022-03-12,26
4,NEWS,0,1,30,2022-03-14,25
2,NEWS,0,0,96,2022-03-15,94
2,NEWS,0,0,47,2022-03-18,45
10,NEWS,0,0,95,2022-03-21,85
1,NEWS,0,0,20,2022-03-23,19
0,NEWS,0,0,23,2022-03-26,23
0,NEWS,0,0,65,2022-03-27,65
4,NEWS,0,0,66,2022-03-28,62
1,NEWS,0,0,8,2022-03-29,7
3,NEWS,0,0,62,2022-03-31,59
0,NEWS,0,0,3,2022-04-12,3
0,NEWS,0,0,1,2022-07-07,1
5,NEWS,0,1,149,2022-07-08,143
4,NEWS,0,1,137,2022-07-09,132
1,NEWS,0,0,1,2022-07-22,0
12,NEWS,0,13,217,2022-08-09,192
4,NEWS,0,1,30,2022-08-10,25
7,NEWS,0,7,233,2022-08-11,219
0,NEWS,0,1,26,2022-08-12,25
9,NEWS,0,1,115,2022-08-13,105
0,NEWS,0,0,15,2022-09-12,15
1,NEWS,0,0,1,2022-09-14,0
0,NEWS,0,0,13,2022-09-16,13
6,NEWS,0,2,72,2022-09-18,64
9,NEWS,0,4,112,2022-09-19,99
2,NEWS,0,0,5,2022-09-20,3
1,NEWS,0,0,24,2022-09-25,23
3,NEWS,0,0,20,2022-09-26,17
2,NEWS,0,0,23,2022-09-27,21
0,NEWS,0,1,41,2022-09-28,40
9,NEWS,0,9,188,2022-09-29,170
5,NEWS,0,3,83,2022-09-30,75
7,NEWS,0,12,174,2022-10-01,155
2,NEWS,0,0,18,2022-10-02,16
2,NEWS,0,2,42,2022-10-03,38
3,NEWS,0,2,36,2022-10-04,31
3,NEWS,0,2,103,2022-10-05,98
0,NEWS,0,0,5,2022-10-07,5
0,NEWS,0,2,39,2022-10-08,37
0,NEWS,0,0,4,2022-10-09,4
0,NEWS,0,3,188,2022-10-10,185
4,NEWS,0,11,274,2022-10-11,259
0,NEWS,0,2,19,2022-10-12,17
0,NEWS,0,0,2,2022-10-13,2
0,NEWS,0,0,42,2022-10-17,42
1,NEWS,0,7,126,2022-10-18,118
1,NEWS,0,3,91,2022-10-24,87
0,NEWS,0,7,336,2022-10-25,329
1,NEWS,0,10,217,2022-10-26,206
0,NEWS,0,0,12,2022-10-27,12
0,NEWS,0,0,91,2022-10-28,91
1,NEWS,0,13,318,2022-10-29,304
0,NEWS,0,0,7,2022-10-30,7
0,NEWS,0,0,26,2022-10-31,26
0,NEWS,0,0,5,2022-11-01,5
0,NEWS,0,5,123,2022-11-02,118
0,NEWS,0,3,147,2022-11-05,144
1,NEWS,0,13,204,2022-11-07,190
11,NEWS,0,20,221,2022-11-09,190
3,NEWS,0,14,49,2022-11-10,32
0,NEWS,0,5,10,2022-11-11,5
0,NEWS,0,4,8,2022-11-12,4
0,NEWS,0,9,44,2022-11-13,35
2,NEWS,0,7,136,2022-11-17,127
2,NEWS,0,7,172,2022-11-18,163
0,NEWS,0,0,80,2022-11-22,80
0,NEWS,0,0,47,2022-11-23,47
1,NEWS,0,5,12,2022-11-24,6
0,NEWS,0,1,2,2022-11-25,1
0,NEWS,0,3,94,2022-11-26,91
1,NEWS,0,21,219,2022-11-27,197
5,NEWS,0,19,171,2022-11-28,147
2,NEWS,0,4,56,2022-11-29,50
0,NEWS,0,9,210,2022-11-30,201
0,NEWS,0,1,29,2022-12-01,28
0,NEWS,0,2,38,2022-12-02,36
3,NEWS,0,1,43,2022-12-03,39
0,NEWS,0,3,129,2022-12-04,126
0,NEWS,0,0,1,2022-12-05,1
2,NEWS,0,1,96,2022-12-06,93
0,NEWS,0,0,25,2022-12-18,25
0,NEWS,0,2,65,2022-12-19,63
4,NEWS,0,2,76,2022-12-20,70
0,POLR,0,0,21,2022-01-21,21
0,POLR,0,0,14,2022-01-22,14
0,POLR,0,0,6,2022-01-23,6
0,POLR,0,0,10,2022-01-24,10
0,POLR,0,0,11,2022-01-25,11
4,POLR,0,1,20,2022-01-27,15
0,POLR,0,0,12,2022-01-28,12
0,POLR,0,0,1,2022-01-29,1
1,POLR,0,1,18,2022-01-30,16
1,POLR,0,0,5,2022-01-31,4
0,POLR,0,0,6,2022-02-02,6
0,POLR,0,0,1,2022-02-03,1
1,POLR,0,0,4,2022-02-04,3
0,POLR,0,0,8,2022-02-05,8
0,POLR,0,0,1,2022-02-06,1
1,POLR,0,0,16,2022-02-07,15
1,POLR,0,0,14,2022-02-09,13
0,POLR,0,0,8,2022-02-10,8
1,POLR,0,0,11,2022-02-11,10
0,POLR,0,0,4,2022-02-12,4
0,POLR,0,0,9,2022-02-13,9
0,POLR,0,0,11,2022-02-15,11
1,POLR,0,0,5,2022-02-16,4
0,POLR,0,0,2,2022-02-17,2
0,POLR,0,0,12,2022-02-18,12
2,POLR,0,0,19,2022-02-19,17
0,POLR,0,0,4,2022-02-21,4
0,POLR,0,0,9,2022-02-22,9
1,POLR,0,0,2,2022-02-23,1
0,POLR,0,0,2,2022-02-25,2
1,POLR,0,0,4,2022-02-27,3
0,POLR,0,0,4,2022-02-28,4
1,POLR,0,0,24,2022-03-02,23
2,POLR,0,0,7,2022-03-03,5
0,POLR,0,0,1,2022-03-04,1
1,POLR,0,0,14,2022-03-05,13
0,POLR,0,0,8,2022-03-06,8
1,POLR,0,0,6,2022-03-08,5
0,POLR,0,0,13,2022-03-10,13
0,POLR,0,0,4,2022-03-12,4
0,POLR,0,0,2,2022-03-14,2
1,POLR,0,0,14,2022-03-15,13
0,POLR,0,0,11,2022-03-18,11
1,POLR,0,0,14,2022-03-21,13
0,POLR,0,0,2,2022-03-23,2
0,POLR,0,0,4,2022-03-26,4
0,POLR,0,0,13,2022-03-27,13
0,POLR,0,0,8,2022-03-28,8
0,POLR,0,0,1,2022-03-29,1
0,POLR,0,0,8,2022-03-31,8
2,POLR,0,0,27,2022-07-08,25
1,POLR,0,0,26,2022-07-09,25
0,POLR,0,0,34,2022-08-09,34
0,POLR,0,0,7,2022-08-10,7
0,POLR,0,0,41,2022-08-11,41
0,POLR,0,0,10,2022-08-12,10
0,POLR,0,0,32,2022-08-13,32
0,POLR,0,0,5,2022-09-12,5
0,POLR,0,1,5,2022-09-16,4
0,POLR,0,1,10,2022-09-18,9
1,POLR,0,0,17,2022-09-19,16
0,POLR,0,0,5,2022-09-25,5
0,POLR,0,0,2,2022-09-26,2
0,POLR,0,0,8,2022-09-27,8
0,POLR,0,0,6,2022-09-28,6
0,POLR,0,4,49,2022-09-29,45
0,POLR,0,0,16,2022-09-30,16
0,POLR,0,3,37,2022-10-01,34
0,POLR,0,2,14,2022-10-03,12
0,POLR,0,0,3,2022-10-04,3
0,POLR,0,1,20,2022-10-05,19
0,POLR,0,0,13,2022-10-08,13
5,POLR,0,0,46,2022-10-10,41
6,POLR,0,6,66,2022-10-11,54
0,POLR,0,0,21,2022-10-17,21
4,POLR,0,0,30,2022-10-18,26
3,POLR,0,2,21,2022-10-24,16
15,POLR,0,14,153,2022-10-25,124
3,POLR,0,1,28,2022-10-26,24
0,POLR,0,0,2,2022-10-27,2
0,POLR,0,0,36,2022-10-28,36
5,POLR,0,4,43,2022-10-29,34
0,POLR,0,0,2,2022-10-30,2
0,POLR,0,0,9,2022-10-31,9
0,POLR,0,0,2,2022-11-01,2
0,POLR,0,0,23,2022-11-02,23
0,POLR,0,1,30,2022-11-05,29
2,POLR,0,3,45,2022-11-07,40
0,POLR,0,0,33,2022-11-09,33
0,POLR,0,0,4,2022-11-10,4
1,POLR,0,0,8,2022-11-13,7
0,POLR,0,1,27,2022-11-17,26
0,POLR,0,0,8,2022-11-22,8
0,POLR,0,0,2,2022-11-23,2
0,POLR,0,1,20,2022-11-26,19
0,POLR,0,3,86,2022-11-27,83
0,POLR,0,0,49,2022-11-28,49
1,POLR,0,1,11,2022-11-29,9
4,POLR,0,0,56,2022-11-30,52
1,POLR,0,0,8,2022-12-01,7
0,POLR,0,0,7,2022-12-02,7
0,POLR,0,0,7,2022-12-03,7
0,POLR,0,0,18,2022-12-04,18
0,POLR,0,1,18,2022-12-06,17
0,POLR,0,0,9,2022-12-18,9
0,POLR,0,1,7,2022-12-19,6
0,POLR,0,0,16,2022-12-20,16
0,PROV,0,0,32,2022-03-10,32
0,PROV,0,0,16,2022-03-18,16
0,PROV,0,0,16,2022-03-27,16
1,PROV,0,2,17,2022-07-08,14
1,PROV,0,0,28,2022-08-10,27
0,PROV,0,0,1,2022-08-11,1
0,PROV,0,0,22,2022-08-12,22
0,PROV,0,0,10,2022-08-13,10
13,PROV,0,0,21,2022-09-28,8
4,PROV,0,0,4,2022-09-29,0
10,PROV,0,1,15,2022-09-30,4
2,PROV,0,0,4,2022-10-01,2
0,PROV,0,0,17,2022-10-18,17
0,PROV,0,0,46,2022-10-31,46
0,PROV,0,1,17,2022-11-01,16
0,PROV,0,0,8,2022-11-02,8
0,PROV,0,0,4,2022-11-05,4
0,PROV,0,0,31,2022-11-13,31
9,PROV,0,1,46,2022-11-25,36
1,PROV,0,0,2,2022-11-26,1
1,PUBH,0,0,48,2022-01-21,47
2,PUBH,0,1,48,2022-01-23,45
7,PUBH,0,4,49,2022-01-26,38
0,PUBH,0,1,2,2022-01-27,1
1,PUBH,0,0,49,2022-01-28,48
0,PUBH,0,0,18,2022-01-31,18
1,PUBH,0,0,30,2022-02-02,29
0,PUBH,0,0,1,2022-02-04,1
0,PUBH,0,0,35,2022-02-05,35
1,PUBH,0,0,14,2022-02-06,13
0,PUBH,0,0,18,2022-02-09,18
1,PUBH,0,0,30,2022-02-10,29
1,PUBH,0,0,50,2022-02-12,49
0,PUBH,0,0,35,2022-02-13,35
1,PUBH,0,0,14,2022-02-16,13
0,PUBH,0,0,12,2022-02-19,12
0,PUBH,0,0,37,2022-02-20,37
0,PUBH,0,0,26,2022-02-21,26
0,PUBH,0,0,9,2022-02-22,9
0,PUBH,0,0,14,2022-02-25,14
3,PUBH,0,0,35,2022-03-02,32
2,PUBH,0,0,49,2022-03-03,47
0,PUBH,0,0,14,2022-03-05,14
3,PUBH,0,0,35,2022-03-10,32
0,PUBH,0,0,34,2022-03-12,34
0,PUBH,0,0,6,2022-03-14,6
0,PUBH,0,0,9,2022-03-18,9
1,PUBH,0,0,49,2022-03-21,48
0,PUBH,0,0,4,2022-03-23,4
0,PUBH,0,0,8,2022-03-27,8
0,PUBH,0,0,37,2022-03-28,37
0,PUBH,0,0,12,2022-03-29,12
1,PUBH,0,0,50,2022-07-08,49
2,PUBH,0,0,43,2022-07-09,41
0,PUBH,0,0,56,2022-08-09,56
0,PUBH,0,0,61,2022-08-10,61
0,PUBH,0,0,126,2022-08-11,126
0,PUBH,0,0,20,2022-08-12,20
2,PUBH,0,0,64,2022-09-20,62
0,PUBH,0,0,1,2022-09-22,1
1,PUBH,0,0,27,2022-09-24,26
5,PUBH,0,0,42,2022-09-29,37
0,PUBH,0,0,73,2022-09-30,73
2,PUBH,0,0,17,2022-10-02,15
0,PUBH,0,0,7,2022-10-05,7
0,PUBH,0,0,6,2022-10-08,6
0,PUBH,0,0,14,2022-10-11,14
0,PUBH,0,0,52,2022-10-12,52
0,PUBH,0,0,24,2022-10-13,24
0,PUBH,0,0,202,2022-10-26,202
0,PUBH,0,0,32,2022-10-27,32
0,PUBH,0,0,17,2022-11-09,17
0,PUBH,0,0,100,2022-11-10,100
0,PUBH,0,0,50,2022-11-18,50
7,PUBH,0,0,112,2022-11-23,105
2,PUBH,0,0,68,2022-11-24,66
0,PUBH,0,0,8,2022-11-25,8
0,PUBH,0,0,19,2022-12-03,19
0,PUBH,0,0,22,2022-12-04,22
2,PUBH,0,0,57,2022-12-20,55
1,REL,0,0,39,2022-01-21,38
0,REL,0,0,2,2022-01-22,2
0,REL,0,0,1,2022-01-23,1
1,REL,0,0,37,2022-01-24,36
0,REL,0,0,2,2022-01-25,2
2,REL,0,1,8,2022-01-26,5
6,REL,0,19,31,2022-01-27,6
0,REL,0,0,1,2022-01-28,1
1,REL,0,0,34,2022-01-29,33
1,REL,0,0,5,2022-01-30,4
0,REL,0,0,1,2022-01-31,1
0,REL,0,0,5,2022-02-02,5
1,REL,0,0,12,2022-02-03,11
8,REL,0,0,20,2022-02-04,12
0,REL,0,0,1,2022-02-05,1
1,REL,0,0,34,2022-02-06,33
0,REL,0,0,3,2022-02-07,3
0,REL,0,0,4,2022-02-09,4
0,REL,0,0,5,2022-02-10,5
1,REL,0,0,14,2022-02-11,13
0,REL,0,0,36,2022-02-12,36
1,REL,0,0,20,2022-02-13,19
0,REL,0,0,3,2022-02-15,3
0,REL,0,0,8,2022-02-16,8
0,REL,0,0,5,2022-02-18,5
1,REL,0,0,9,2022-02-19,8
1,REL,0,0,36,2022-02-20,35
1,REL,0,0,21,2022-02-22,20
0,REL,0,0,5,2022-02-23,5
0,REL,0,0,10,2022-02-25,10
0,REL,0,0,1,2022-02-27,1
0,REL,0,0,9,2022-02-28,9
1,REL,0,0,22,2022-03-02,21
0,REL,0,0,5,2022-03-03,5
0,REL,0,0,37,2022-03-04,37
0,REL,0,0,11,2022-03-05,11
0,REL,0,0,2,2022-03-06,2
0,REL,0,0,9,2022-03-08,9
1,REL,0,0,21,2022-03-10,20
0,REL,0,0,2,2022-03-12,2
0,REL,0,0,10,2022-03-14,10
0,REL,0,0,2,2022-03-15,2
0,REL,0,0,29,2022-03-18,29
1,REL,0,0,4,2022-03-21,3
1,REL,0,0,10,2022-03-23,9
0,REL,0,0,1,2022-03-26,1
2,REL,0,0,29,2022-03-27,27
0,REL,0,0,7,2022-03-28,7
0,REL,0,0,2,2022-03-29,2
0,REL,0,0,8,2022-03-31,8
2,REL,0,0,51,2022-07-08,49
0,REL,0,0,2,2022-07-09,2
0,REL,0,0,2,2022-08-09,2
1,REL,0,4,95,2022-08-10,90
0,REL,0,0,5,2022-08-11,5
0,REL,0,1,49,2022-08-12,48
1,REL,0,4,85,2022-09-24,80
0,REL,0,0,6,2022-09-25,6
1,REL,0,0,16,2022-09-26,15
0,REL,0,0,3,2022-09-27,3
0,REL,0,1,6,2022-09-28,5
0,REL,0,0,1,2022-09-29,1
1,REL,0,2,69,2022-09-30,66
0,REL,0,0,10,2022-10-01,10
0,REL,0,0,3,2022-10-02,3
0,REL,0,0,107,2022-10-13,107
0,REL,0,7,97,2022-10-14,90
0,REL,0,7,21,2022-10-17,14
0,REL,0,1,3,2022-10-18,2
1,REL,0,1,95,2022-10-27,93
0,REL,0,2,4,2022-10-31,2
0,REL,0,1,51,2022-11-10,50
0,REL,0,0,102,2022-11-11,102
0,REL,0,0,52,2022-11-12,52
0,REL,0,0,46,2022-11-13,46
0,REL,0,0,3,2022-11-24,3
9,REL,0,2,90,2022-11-25,79
0,REL,0,0,1,2022-11-26,1
0,REL,0,1,27,2022-12-20,26
0,SRCH,0,0,26,2022-01-21,26
1,SRCH,0,0,25,2022-01-23,24
0,SRCH,0,0,1,2022-01-24,1
6,SRCH,0,3,26,2022-01-26,17
0,SRCH,0,0,26,2022-01-28,26
0,SRCH,0,0,12,2022-01-31,12
0,SRCH,0,0,14,2022-02-02,14
0,SRCH,0,0,16,2022-02-05,16
0,SRCH,0,0,10,2022-02-06,10
0,SRCH,0,0,12,2022-02-09,12
0,SRCH,0,0,14,2022-02-10,14
0,SRCH,0,0,26,2022-02-12,26
0,SRCH,0,0,16,2022-02-13,16
0,SRCH,0,0,10,2022-02-16,10
0,SRCH,0,0,7,2022-02-19,7
1,SRCH,0,0,19,2022-02-20,18
0,SRCH,0,0,13,2022-02-21,13
1,SRCH,0,0,3,2022-02-22,2
0,SRCH,0,0,1,2022-02-23,1
0,SRCH,0,0,11,2022-02-25,11
0,SRCH,0,0,16,2022-03-02,16
3,SRCH,0,0,27,2022-03-03,24
0,SRCH,0,0,2,2022-03-04,2
0,SRCH,0,0,11,2022-03-05,11
1,SRCH,0,0,16,2022-03-10,15
0,SRCH,0,0,20,2022-03-12,20
0,SRCH,0,0,6,2022-03-14,6
1,SRCH,0,0,3,2022-03-18,2
1,SRCH,0,0,25,2022-03-21,24
0,SRCH,0,0,5,2022-03-23,5
0,SRCH,0,0,1,2022-03-27,1
1,SRCH,0,0,25,2022-03-28,24
0,SRCH,0,0,3,2022-03-29,3
1,SRCH,0,1,30,2022-07-08,28
2,SRCH,0,0,26,2022-07-09,24
0,SRCH,0,0,2,2022-07-11,2
3,SRCH,0,0,52,2022-08-09,49
3,SRCH,0,4,73,2022-08-10,66
6,SRCH,0,1,110,2022-08-11,103
0,SRCH,0,2,21,2022-08-12,19
8,SRCH,0,3,44,2022-09-20,33
1,SRCH,0,0,1,2022-09-22,0
4,SRCH,0,0,18,2022-09-24,14
7,SRCH,0,2,38,2022-09-29,29
3,SRCH,0,0,47,2022-09-30,44
1,SRCH,0,0,9,2022-10-02,8
1,SRCH,0,0,4,2022-10-05,3
0,SRCH,0,0,2,2022-10-08,2
1,SRCH,0,0,7,2022-10-11,6
1,SRCH,0,1,49,2022-10-12,47
0,SRCH,0,0,16,2022-10-13,16
17,SRCH,0,0,169,2022-10-26,152
7,SRCH,0,4,48,2022-10-27,37
0,SRCH,0,0,8,2022-11-09,8
6,SRCH,0,5,79,2022-11-10,68
0,SRCH,0,5,5,2022-11-11,0
0,SRCH,0,4,4,2022-11-12,0
0,SRCH,0,3,3,2022-11-13,0
0,SRCH,0,0,30,2022-11-18,30
9,SRCH,0,0,75,2022-11-23,66
14,SRCH,0,7,90,2022-11-24,69
2,SRCH,0,1,14,2022-11-25,11
1,SRCH,0,0,8,2022-12-03,7
1,SRCH,0,0,20,2022-12-04,19
3,SRCH,0,0,38,2022-12-20,35
